{
	"version": 1,
	"changelists": [
		{
			"guid": "00000000000000000000000000000000",
			"description": "Default Uncontrolled Changelist",
			"files": [
				"D:/CS415/InfiniteMatrixStarter 5.0 5.4/Content/InfiniteMatrix/Meshes/Pinky.uasset",
				"D:/CS415/InfiniteMatrixStarter 5.0 5.4/Content/InfiniteMatrix/Materials/enemy.uasset",
				"D:/CS415/InfiniteMatrixStarter 5.0 5.4/Content/InfiniteMatrix/Materials/enemy1.uasset",
				"D:/CS415/InfiniteMatrixStarter 5.0 5.4/Content/InfiniteMatrix/Materials/enemy2.uasset",
				"D:/CS415/InfiniteMatrixStarter 5.0 5.4/Content/InfiniteMatrix/Blueprints/BP_enemy.uasset",
				"D:/CS415/InfiniteMatrixStarter 5.0 5.4/Content/InfiniteMatrix/Maps/TutorialMap.umap",
				"D:/CS415/InfiniteMatrixStarter 5.0 5.4/Content/InfiniteMatrix/Blueprints/BP_heart.uasset",
				"D:/CS415/InfiniteMatrixStarter 5.0 5.4/Content/InfiniteMatrix/Blueprints/BP_Player.uasset",
				"D:/CS415/InfiniteMatrixStarter 5.0 5.4/Content/InfiniteMatrix/Blueprints/BP_TunnelSpawner.uasset",
				"D:/CS415/InfiniteMatrixStarter 5.0 5.4/Content/InfiniteMatrix/UI/WBP_Restart.uasset",
				"D:/CS415/InfiniteMatrixStarter 5.0 5.4/Content/InfiniteMatrix/UI/WBP_test.uasset",
				"D:/CS415/InfiniteMatrixStarter 5.0 5.4/Content/InfiniteMatrix/Blueprints/projetile.uasset",
				"D:/CS415/InfiniteMatrixStarter 5.0 5.4/Content/InfiniteMatrix/Materials/BOMB.uasset",
				"D:/CS415/InfiniteMatrixStarter 5.0 5.4/Content/InfiniteMatrix/Meshes/Bomb.uasset",
				"D:/CS415/InfiniteMatrixStarter 5.0 5.4/Content/InfiniteMatrix/Blueprints/BP_bomb.uasset",
				"D:/CS415/InfiniteMatrixStarter 5.0 5.4/Content/InfiniteMatrix/Blueprints/BP_Tunnel.uasset",
				"D:/CS415/InfiniteMatrixStarter 5.0 5.4/Content/InfiniteMatrix/Materials/lambert5.uasset",
				"D:/CS415/InfiniteMatrixStarter 5.0 5.4/Content/InfiniteMatrix/Meshes/Material__10038_jpg.uasset",
				"D:/CS415/InfiniteMatrixStarter 5.0 5.4/Content/InfiniteMatrix/Meshes/Metal.uasset",
				"D:/CS415/InfiniteMatrixStarter 5.0 5.4/Content/InfiniteMatrix/UI/WBP_socre.uasset",
				"D:/CS415/InfiniteMatrixStarter 5.0 5.4/Content/InfiniteMatrix/Meshes/SM_Hole_01.uasset",
				"D:/CS415/InfiniteMatrixStarter 5.0 5.4/Content/InfiniteMatrix/Meshes/SM_Hole_02.uasset",
				"D:/CS415/InfiniteMatrixStarter 5.0 5.4/Content/InfiniteMatrix/Meshes/SM_Hole_03.uasset",
				"D:/CS415/InfiniteMatrixStarter 5.0 5.4/Content/InfiniteMatrix/Meshes/SM_Hole_04.uasset",
				"D:/CS415/InfiniteMatrixStarter 5.0 5.4/Content/InfiniteMatrix/Meshes/Material_002.uasset",
				"D:/CS415/InfiniteMatrixStarter 5.0 5.4/Content/InfiniteMatrix/Meshes/Material_003.uasset",
				"D:/CS415/InfiniteMatrixStarter 5.0 5.4/Content/InfiniteMatrix/Meshes/Material_005.uasset",
				"D:/CS415/InfiniteMatrixStarter 5.0 5.4/Content/InfiniteMatrix/UI/WBP_test1.uasset",
				"D:/CS415/InfiniteMatrixStarter 5.0 5.4/Content/InfiniteMatrix/Materials/Material_002.uasset",
				"D:/CS415/InfiniteMatrixStarter 5.0 5.4/Content/InfiniteMatrix/Materials/Material_003.uasset",
				"D:/CS415/InfiniteMatrixStarter 5.0 5.4/Content/InfiniteMatrix/Materials/Material_005.uasset"
			]
		}
	]
}